{"Solver Status": "ok", "Termination Condition": "optimal", "FIM": [[113.39061096443578, -13.858319711425288], [-13.858319711425288, 2.237754454263392]], "Sensitivity Matrix": [[0.10360004105472893, -0.02329022763497468], [0.3713415576852913, -0.07716474675165633], [0.45120279070237734, -0.0838671740016816], [0.42693249109195835, -0.06881506768302627], [0.3913314021049361, -0.053130811444025365], [0.3559433933053598, -0.03925407326761775], [0.3220215111448274, -0.027290297364986678], [0.2903012476258222, -0.017212646106347294], [0.2611813242554606, -0.008879557817680336], [0.2349344390556253, -0.0021195317750296546], [0.2116095353145461, 0.003283939290576138], [0.19126266627822255, 0.00750224670947874], [-0.10360004105472921, 0.023290227634969057], [-0.37134155768529686, 0.07716474675164876], [-0.4512027907023664, 0.08386717400167931], [-0.42693249109196274, 0.0688150676830118], [-0.39133140210492867, 0.05313081144402784], [-0.3559433933053595, 0.03925407326763155], [-0.32202151114482, 0.027290297364995345], [-0.2903012476258267, 0.017212646106356554], [-0.26118132425545854, 0.008879557817671992], [-0.23493443905562475, 0.002119531775024183], [-0.21160953531454602, -0.003283939290576603], [-0.19126266627822866, -0.007502246709474756]], "Experiment Design": [1.5599998749183868, 1.5599997426929106, 1.5599996393054731, 1.5599996340127147, 1.5599997012709477, 1.5599997646261778, 1.559999794545347, 1.5599997024942402, 1.5599987896022873, 1.5599804829959834, 1.5588678963143998, 1.264310285402479, 7.5e-06, 413.15], "Experiment Design Names": ["C_BA[16.183333333333334,0]", "C_BA[22.966666666666665,0]", "C_BA[29.78333333333333,0]", "C_BA[36.55,0]", "C_BA[43.31666666666666,0]", "C_BA[50.05,0]", "C_BA[56.766666666666666,0]", "C_BA[63.449999999999996,0]", "C_BA[70.1,0]", "C_BA[76.7,0]", "C_BA[83.25,0]", "C_BA[89.76666666666667,0]", "v0", "T0"], "Experiment Outputs": [0.1876749783545384, 0.7013430934269388, 0.9465252695692675, 1.028646876966353, 1.0890168567708716, 1.1428588196061336, 1.1910431264461723, 1.2336933919615136, 1.2711416482325275, 1.303690859849015, 1.3317692849629705, 1.355649971342426, 1.3723250216454617, 0.8586569065730612, 0.6134747304307326, 0.531353123033647, 0.47098314322912865, 0.41714118039386644, 0.3689568735538277, 0.3263066080384864, 0.28885835176747243, 0.25630914015098505, 0.2282307150370296, 0.20435002865757412], "Experiment Output Names": ["C_BA[16.183333333333334,20]", "C_BA[22.966666666666665,20]", "C_BA[29.78333333333333,20]", "C_BA[36.55,20]", "C_BA[43.31666666666666,20]", "C_BA[50.05,20]", "C_BA[56.766666666666666,20]", "C_BA[63.449999999999996,20]", "C_BA[70.1,20]", "C_BA[76.7,20]", "C_BA[83.25,20]", "C_BA[89.76666666666667,20]", "C_EB[16.183333333333334,20]", "C_EB[22.966666666666665,20]", "C_EB[29.78333333333333,20]", "C_EB[36.55,20]", "C_EB[43.31666666666666,20]", "C_EB[50.05,20]", "C_EB[56.766666666666666,20]", "C_EB[63.449999999999996,20]", "C_EB[70.1,20]", "C_EB[76.7,20]", "C_EB[83.25,20]", "C_EB[89.76666666666667,20]"], "Unknown Parameters": [8.988714734999999, 7.761522], "Unknown Parameter Names": ["KP1", "KP2"], "Measurement Error": [0.1876749783545384, 0.7013430934269388, 0.9465252695692675, 1.028646876966353, 1.0890168567708716, 1.1428588196061336, 1.1910431264461723, 1.2336933919615136, 1.2711416482325275, 1.303690859849015, 1.3317692849629705, 1.355649971342426, 1.3723250216454617, 0.8586569065730612, 0.6134747304307326, 0.531353123033647, 0.47098314322912865, 0.41714118039386644, 0.3689568735538277, 0.3263066080384864, 0.28885835176747243, 0.25630914015098505, 0.2282307150370296, 0.20435002865757412], "Measurement Error Names": ["C_BA[16.183333333333334,20]", "C_BA[22.966666666666665,20]", "C_BA[29.78333333333333,20]", "C_BA[36.55,20]", "C_BA[43.31666666666666,20]", "C_BA[50.05,20]", "C_BA[56.766666666666666,20]", "C_BA[63.449999999999996,20]", "C_BA[70.1,20]", "C_BA[76.7,20]", "C_BA[83.25,20]", "C_BA[89.76666666666667,20]", "C_EB[16.183333333333334,20]", "C_EB[22.966666666666665,20]", "C_EB[29.78333333333333,20]", "C_EB[36.55,20]", "C_EB[43.31666666666666,20]", "C_EB[50.05,20]", "C_EB[56.766666666666666,20]", "C_EB[63.449999999999996,20]", "C_EB[70.1,20]", "C_EB[76.7,20]", "C_EB[83.25,20]", "C_EB[89.76666666666667,20]"], "Prior FIM": [[0.0, 0.0], [0.0, 0.0]], "Objective expression": "determinant", "log10 A-opt": 2.063064386278982, "log10 D-opt": 1.7901958994834604, "log10 E-opt": -0.27085068852711747, "FIM Condition Number": 214.7322508911225, "Build Time": 10.313114333000158, "Initialization Time": 12.260908541999925, "Solve Time": 28.044889166000758, "Wall-clock Time": 50.61891204100084, "Finite Difference Scheme": "central", "Finite Difference Step": 0.001, "Nominal Parameter Scaling": false}